{
    "loss": [
        91.34618377685547,
        10.439866065979004,
        10.528582572937012,
        10.602155685424805,
        10.435484886169434,
        10.315777778625488,
        10.280346870422363,
        10.296028137207031,
        10.25231647491455,
        10.100586891174316,
        10.003599166870117,
        9.952436447143555,
        9.82401180267334,
        9.746586799621582,
        9.671000480651855,
        9.58272647857666,
        10.301937103271484,
        9.709746360778809,
        9.647403717041016,
        9.60909652709961,
        9.57235050201416,
        9.510662078857422,
        9.500155448913574,
        9.488503456115723,
        9.456988334655762,
        9.430274963378906,
        9.446709632873535,
        9.407505989074707,
        9.441893577575684,
        9.378593444824219,
        9.361410140991211,
        9.397911071777344,
        9.284917831420898,
        9.25755786895752,
        9.291942596435547,
        9.256319999694824,
        9.239017486572266,
        9.17756175994873,
        9.21381950378418,
        9.193109512329102,
        9.19584846496582,
        9.145639419555664,
        9.237993240356445,
        9.170319557189941,
        9.153194427490234,
        9.21560001373291,
        9.080620765686035,
        9.058302879333496,
        9.079197883605957,
        9.115946769714355,
        9.12624454498291,
        9.058523178100586,
        9.101534843444824,
        9.17100715637207,
        9.110325813293457,
        9.102877616882324,
        9.127808570861816,
        9.17778205871582,
        9.095887184143066,
        9.147452354431152,
        9.177960395812988,
        9.07083797454834,
        9.071218490600586
    ],
    "accuracy": [
        0.5737704634666443,
        0.534331202507019,
        0.5659301280975342,
        0.603943943977356,
        0.6362556219100952,
        0.6873366832733154,
        0.7108576893806458,
        0.7346162796020508,
        0.7296270132064819,
        0.7512473464012146,
        0.7723925113677979,
        0.7899738550186157,
        0.7994773387908936,
        0.8028035163879395,
        0.8196721076965332,
        0.8284628391265869,
        0.7289142608642578,
        0.7987645268440247,
        0.8175338506698608,
        0.8294131755828857,
        0.8367783427238464,
        0.8548348546028137,
        0.8512710928916931,
        0.8626751899719238,
        0.8681396842002869,
        0.8712283372879028,
        0.8883345127105713,
        0.8781183362007141,
        0.8930862545967102,
        0.8897600173950195,
        0.8978379368782043,
        0.8926110863685608,
        0.9078165888786316,
        0.9054407477378845,
        0.9033024311065674,
        0.9123307466506958,
        0.9135186672210693,
        0.9249227643013,
        0.9185079336166382,
        0.9239724278450012,
        0.9237348437309265,
        0.9284865856170654,
        0.9206462502479553,
        0.9322879314422607,
        0.9358517527580261,
        0.922546923160553,
        0.9356141686439514,
        0.9425041675567627,
        0.9425041675567627,
        0.9387027621269226,
        0.9420289993286133,
        0.9508196711540222,
        0.9460679292678833,
        0.9429793357849121,
        0.942266583442688,
        0.9482062458992004,
        0.953433096408844,
        0.9486814141273499,
        0.9550962448120117,
        0.9486814141273499,
        0.946305513381958,
        0.9510572552680969,
        0.9631741642951965
    ],
    "val_loss": [
        10.416330337524414,
        10.446430206298828,
        10.466424942016602,
        10.668771743774414,
        10.720664978027344,
        10.288874626159668,
        10.310806274414062,
        10.31507682800293,
        10.104889869689941,
        9.908878326416016,
        9.929823875427246,
        9.869661331176758,
        9.846343994140625,
        9.619903564453125,
        9.597132682800293,
        9.666399002075195,
        9.718432426452637,
        9.614953994750977,
        9.74290657043457,
        9.483817100524902,
        9.431727409362793,
        9.430112838745117,
        9.540007591247559,
        9.365813255310059,
        9.353081703186035,
        9.465998649597168,
        9.604637145996094,
        9.287393569946289,
        9.485855102539062,
        9.371291160583496,
        9.233038902282715,
        9.390987396240234,
        9.226055145263672,
        9.197322845458984,
        9.246399879455566,
        9.275341987609863,
        9.217825889587402,
        9.173562049865723,
        9.127795219421387,
        9.15123462677002,
        9.179171562194824,
        9.281314849853516,
        9.296431541442871,
        9.126200675964355,
        9.333163261413574,
        9.203727722167969,
        9.123896598815918,
        9.111844062805176,
        9.071179389953613,
        9.172869682312012,
        9.026315689086914,
        9.071762084960938,
        9.12971019744873,
        9.246598243713379,
        9.11602783203125,
        9.123826026916504,
        9.249147415161133,
        9.467894554138184,
        9.307657241821289,
        9.37655258178711,
        9.026434898376465,
        9.14354133605957,
        9.209663391113281
    ],
    "val_accuracy": [
        0.5028929710388184,
        0.5033751130104065,
        0.5486981868743896,
        0.49710702896118164,
        0.6099324822425842,
        0.7439730167388916,
        0.7203471660614014,
        0.7714561223983765,
        0.7810993194580078,
        0.7521697282791138,
        0.8061716556549072,
        0.811475396156311,
        0.7926711440086365,
        0.8355833888053894,
        0.8567984700202942,
        0.8134040236473083,
        0.803760826587677,
        0.8148505091667175,
        0.8519768714904785,
        0.8351012468338013,
        0.8717454075813293,
        0.8702989220619202,
        0.8702989220619202,
        0.8780134916305542,
        0.883317232131958,
        0.8669238090515137,
        0.8085824251174927,
        0.9006749987602234,
        0.8900675177574158,
        0.8876566886901855,
        0.9079074263572693,
        0.8862102031707764,
        0.9214078783988953,
        0.8977820873260498,
        0.9074252843856812,
        0.920443594455719,
        0.9300867915153503,
        0.9098360538482666,
        0.9093539118766785,
        0.9238187074661255,
        0.928158164024353,
        0.9011572003364563,
        0.9026036858558655,
        0.9233365654945374,
        0.9180327653884888,
        0.9189971089363098,
        0.9247830510139465,
        0.912729024887085,
        0.927193820476532,
        0.9093539118766785,
        0.9199614524841309,
        0.9435872435569763,
        0.9373192191123962,
        0.9141755104064941,
        0.9368370175361633,
        0.9296046495437622,
        0.9132111668586731,
        0.9050144553184509,
        0.9218900799751282,
        0.9243008494377136,
        0.9329797625541687,
        0.9228543639183044,
        0.9247830510139465
    ]
}